palavra_em_ingles;palavra_em_italiano;numero_de_acertos;numero_de_erros;total
abandon;abbandono;0;1;1
ability;capacità;0;0;0
able;capace;0;0;0
about;di;0;1;1
above;sopra;0;0;0
abroad;all'estero;0;0;0
absolute;assoluto;0;0;0
absolutely;assolutamente;0;1;1
academic;accademico;0;0;0
accept;accettare;0;1;1
acceptable;accettabile;0;0;0
access;accesso;0;0;0
accident;incidente;0;0;0
accommodation;alloggio;0;0;0
accompany;accompagnare;0;0;0
according to;secondo;0;0;0
account;account;0;1;1
accurate;preciso;0;1;1
accuse;accusare;0;0;0
achieve;raggiungere;0;0;0
achievement;realizzazione;0;0;0
acknowledge;riconoscere;0;1;1
acquire;acquisire;0;0;0
across;attraverso;0;1;1
act;atto;0;1;1
action;azione;0;0;0
active;attivo;0;0;0
activity;attività;0;0;0
actor;attore;0;0;0
actress;attrice;0;0;0
actual;effettivo;0;0;0
actually;in realtà;0;1;1
ad;anno Domini;0;0;0
adapt;adattare;0;1;1
add;Inserisci;0;0;0
addition;aggiunta;0;1;1
additional;addizionale;0;0;0
address;indirizzo;0;0;0
administration;amministrazione;0;0;0
admire;ammirare;0;0;0
admit;ammettere;0;0;0
adopt;adottare;0;0;0
adult;adulto;0;0;0
Advance;Progredire;0;0;0
Advanced;Avanzate;0;0;0
Advantage;Vantaggio;0;1;1
Adventure;Avventura;0;0;0
Advertise;pubblicizzare;0;0;0
Advertisement;Annuncio pubblicitario;0;0;0
Advertising;Pubblicità;0;0;0
Advice;Consigli;0;0;0
affair;affare;0;0;0
affect;influenzare;0;1;1
afford;permettersi;0;0;0
afraid;impaurito;0;1;1
after;dopo;0;0;0
afternoon;pomeriggio;0;0;0
afterwards;in seguito;0;0;0
again;ancora;0;0;0
against;contro;0;1;1
age;età;0;0;0
aged;anziano;0;0;0
agency;agenzia;0;0;0
agenda;ordine del giorno;0;0;0
agent;agente;0;0;0
aggressive;aggressivo;0;1;1
ago;fa;0;0;0
agree;essere d'accordo;0;0;0
agreement;accordo;0;0;0
ahead;avanti;0;1;1
aid;aiuto;0;0;0
aim;scopo;0;0;0
air;aria;0;0;0
aircraft;aereo;0;1;1
airline;linea aerea;0;0;0
airport;aeroporto;0;0;0
alarm;allarme;0;0;0
album;album;0;0;0
alcohol;alcool;0;0;0
alcoholic;alcolizzato;0;1;1
alive;vivo;0;0;0
all;tutti;0;1;1
all right;Tutto ok;0;0;0
allow;permettere;0;0;0
almost;quasi;0;0;0
alone;solo;0;0;0
along;lungo;0;0;0
already;già;0;0;0
also;anche;0;1;1
alter;alter;0;0;0
alternative;alternativa;0;0;0
although;sebbene;0;0;0
always;sempre;0;0;0
amazed;stupito;0;0;0
amazing;sorprendente;0;0;0
ambition;ambizione;0;0;0
ambitious;ambizioso;0;0;0
among;tra;0;0;0
amount;quantità;0;0;0
analyse;analizzare;0;0;0
analysis;analisi;0;0;0
ancient;antico;0;1;1
and;e;0;0;0
anger;rabbia;0;0;0
angle;angolo;0;0;0
angry;arrabbiato;0;0;0
animal;animale;0;0;0
ankle;caviglia;0;0;0
anniversary;anniversario;0;0;0
announce;annunciare;0;0;0
announcement;annuncio;0;0;0
annoy;infastidire;0;0;0
annoyed;infastidito;0;0;0
annoying;fastidioso;0;0;0
annual;annuale;0;1;1
another;un altro;0;1;1
answer;risposta;0;0;0
anxious;ansioso;0;1;1
any;qualunque;0;0;0
anybody;nessuno;0;1;1
any more;più;0;0;0
anyone;chiunque;0;0;0
anything;nulla;0;0;0
anyway;Comunque;0;0;0
anywhere;dovunque;0;0;0
apart;a parte;0;1;1
apartment;appartamento;0;0;0
apologize;scusarsi;0;0;0
apparent;apparente;0;1;1
apparently;apparentemente;0;0;0
appeal;appello;0;1;1
appear;apparire;0;0;0
appearance;aspetto;0;1;1
apple;Mela;0;0;0
application;applicazione;0;0;0
apply;applicare;0;0;0
appointment;appuntamento;0;1;1
appreciate;apprezzare;0;0;0
approach;approccio;0;0;0
appropriate;adeguata;0;0;0
approval;approvazione;0;0;0
approve;approvare;0;0;0
approximately;circa;0;0;0
April;aprile;0;0;0
architect;architetto;0;0;0
architecture;architettura;0;0;0
area;la zona;0;0;0
argue;discutere;0;0;0
argument;discussione;0;0;0
arise;sorgere;0;0;0
arm;braccio;0;0;0
armed;armato;0;0;0
arms;braccia;0;0;0
army;esercito;0;0;0
around;in giro;0;0;0
arrange;organizzare;0;0;0
arrangement;preparativi;0;0;0
arrest;arresto;0;0;0
arrival;arrivo;0;0;0
arrive;arrivo;0;0;0
art;arte;0;0;0
article;articolo;0;0;0
artificial;artificiale;0;0;0
artist;artista;1;0;1
artistic;artistico;0;0;0
as;come;0;0;0
ashamed;si vergogna;0;0;0
asleep;addormentato;0;0;0
ask;Chiedi;0;0;0
aspect;aspetto;0;0;0
assess;valutare;0;0;0
assessment;valutazione;0;0;0
assignment;Incarico;0;0;0
assist;assistere;0;0;0
assistant;assistente;0;0;0
associate;socio;0;0;0
associated;Associated;0;1;1
association;associazione;0;0;0
assume;assumere;0;0;0
at;a;0;0;0
athlete;atleta;0;0;0
atmosphere;atmosfera;0;0;0
attach;allegare;0;0;0
attack;attacco;0;1;1
attempt;tentativo;0;0;0
attend;assistere;0;1;1
attention;Attenzione;0;0;0
attitude;atteggiamento;0;1;1
attract;attirare;0;0;0
attraction;attrazione;0;0;0
attractive;attraente;0;0;0
audience;pubblico;0;0;0
August;agosto;0;0;0
aunt;zia;0;0;0
author;autore;1;0;1
authority;autorità;1;0;1
autumn;autunno;0;0;0
available;a disposizione;0;0;0
average;media;1;0;1
avoid;evitare;0;0;0
award;premio;1;0;1
aware;consapevole;0;0;0
away;lontano;0;0;0
awful;terribile;0;0;0
baby;bambino;0;0;0
back;indietro;0;0;0
background;sfondo;0;0;0
backwards;indietro;0;0;0
bacteria;batteri;0;0;0
bad;male;1;0;1
bag;sacchetto;0;0;0
bake;infornare;0;1;1
balance;equilibrio;0;0;0
ball;palla;0;0;0
ban;bandire;0;0;0
banana;Banana;0;0;0
band;gruppo musicale;0;1;1
bank (money);banca;0;0;0
bank (river);Bank;0;0;0
bar;bar;1;0;1
barrier;barriera;0;0;0
base;base;0;0;0
baseball;baseball;0;0;0
based;basato;0;0;0
basketball;pallacanestro;0;0;0
basic;di base;0;0;0
basically;fondamentalmente;0;0;0
basis;base;0;0;0
bath;bagno;0;0;0
bathroom;bagno;0;0;0
battery;batteria;0;0;0
battle;battaglia;0;0;0
be;essere;0;1;1
beach;spiaggia;0;0;0
bean;fagiolo;0;0;0
bear (animal);orso;0;0;0
beat;battere;0;0;0
beautiful;bellissimo;0;1;1
beauty;bellezza;0;1;1
because;perché;0;0;0
become;diventare;0;0;0
bed;letto;0;0;0
bedroom;Camera da letto;0;0;0
bee;ape;0;0;0
beef;Manzo;0;1;1
beer;birra;0;0;0
before;prima;0;0;0
beg;elemosinare;0;0;0
begin;inizio;0;0;0
beginning;inizio;0;0;0
behave;comportarsi;0;0;0
behaviour;comportamento;0;0;0
behind;dietro a;0;0;0
being;essere;0;0;0
belief;credenza;0;0;0
believe;credere;0;0;0
bell;campana;0;0;0
belong;appartenere;0;0;0
below;sotto;0;0;0
belt;cintura;0;0;0
bend;piegare;0;0;0
benefit;vantaggio;0;0;0
bent;piegato;0;0;0
best;migliore;0;0;0
bet;scommessa;0;0;0
better;meglio;0;0;0
between;fra;0;0;0
beyond;al di là;0;0;0
bicycle;bicicletta;1;0;1
big;grande;0;0;0
bike;bicicletta;0;1;1
bill;conto;0;0;0
billion number;miliardi di numero;0;1;1
bin;bidone;0;1;1
biology;biologia;0;0;0
bird;uccello;0;0;0
birth;nascita;0;0;0
birthday;compleanno;0;1;1
biscuit;biscotto;0;0;0
bit;po;0;0;0
bite;mordere;0;0;0
bitter;amaro;0;0;0
black;nero;1;0;1
blame;colpa;0;0;0
blank;vuoto;0;0;0
blind;cieco;0;1;1
block;bloccare;0;0;0
blog;blog;0;1;1
blonde;bionda;0;1;1
blood;sangue;0;0;0
blow;soffio;0;0;0
blue;blu;0;0;0
board;tavola;0;0;0
boat;barca;0;0;0
body;corpo;0;0;0
boil;Bollire;0;0;0
bomb;bomba;0;0;0
bond;legame;0;0;0
bone;osso;0;0;0
book;libro;0;0;0
boot;stivale;0;0;0
border;confine;0;0;0
bored;annoiato;0;0;0
boring;noioso;0;0;0
born;Nato;1;0;1
borrow;prestito;0;0;0
boss;capo;0;0;0
both;tutti e due;0;0;0
bother;preoccuparsi;0;1;1
bottle;bottiglia;0;1;1
bottom;parte inferiore;0;0;0
bowl;ciotola;0;0;0
box;scatola;0;0;0
boy;ragazzo;0;0;0
boyfriend;fidanzato;0;0;0
brain;cervello;0;0;0
branch;ramo;0;0;0
brand;marca;0;0;0
brave;coraggioso;0;0;0
bread;pane;0;0;0
break;rompere;0;0;0
breakfast;colazione;0;0;0
breast;Seno;0;0;0
breath;respiro;0;0;0
breathe;respirare;0;0;0
breathing;respirazione;0;1;1
bride;sposa;0;0;0
bridge;ponte;1;0;1
brief;breve;0;0;0
bright;luminosa;0;0;0
brilliant;brillante;0;0;0
bring;portare;0;0;0
broad;ampio;0;0;0
broadcast;trasmissione;0;1;1
broken;rotto;0;1;1
brother;fratello;0;0;0
brown;Marrone;0;1;1
brush;spazzola;0;0;0
bubble;bolla;0;0;0
budget;bilancio;0;0;0
build;costruire;0;1;1
building;edificio;0;0;0
bullet;proiettile;0;0;0
bunch;mazzo;0;0;0
burn;bruciare;0;0;0
bury;seppellire;0;0;0
bus;autobus;0;0;0
bush;cespuglio;0;0;0
business;attività commerciale;0;1;1
businessman;uomo d'affari;0;0;0
busy;occupato;0;0;0
but;ma;0;0;0
butter;burro;0;0;0
button;pulsante;0;0;0
buy;acquistare;0;0;0
by;di;0;1;1
bye;addio;0;0;0
cable;cavo;0;0;0
cafe;bar;0;0;0
cake;torta;0;1;1
calculate;calcolare;0;0;0
call;chiamata;0;0;0
calm;calma;0;0;0
camera;telecamera;0;0;0
camp;campo;0;0;0
campaign;campagna;0;0;0
camping;campeggio;0;0;0
campus;città universitaria;0;0;0
cancel;Annulla;0;0;0
cancer;cancro;0;0;0
candidate;candidato;0;0;0
cannot;non può;0;0;0
cap;berretto;0;0;0
capable;capace;0;1;1
capacity;capacità;0;0;0
capital;capitale;0;0;0
captain;Capitano;0;1;1
capture;catturare;0;0;0
car;macchina;1;0;1
card;carta;0;0;0
care;cura;0;0;0
career;carriera;0;0;0
careful;attento;0;0;0
carefully;accuratamente;0;0;0
careless;negligente;0;0;0
carpet;tappeto;0;0;0
carrot;carota;0;0;0
carry;trasportare;0;1;1
cartoon;cartone animato;0;0;0
case;Astuccio;0;1;1
cash;denaro contante;0;0;0
cast;getto;0;0;0
castle;castello;0;0;0
cat;gatto;0;1;1
catch;catturare;0;0;0
category;categoria;0;0;0
cause;causa;0;0;0
ceiling;soffitto;0;1;1
celebrate;celebrare;0;0;0
celebration;celebrazione;0;0;0
celebrity;celebrità;0;0;0
cell;cellula;0;1;1
cent;centesimo;0;0;0
central;centrale;0;0;0
centre;centro;1;0;1
century;secolo;0;0;0
ceremony;cerimonia;0;0;0
certain;certo;0;0;0
certainly;certamente;0;0;0
chain;catena;0;0;0
chair;sedia;0;1;1
chairman;presidente;0;0;0
challenge;sfida;0;0;0
champion;campione;0;0;0
chance;opportunità;0;0;0
change;modificare;0;0;0
channel;canale;0;0;0
chapter;capitolo;0;0;0
character;carattere;0;0;0
characteristic;caratteristica;0;0;0
charge;caricare;0;0;0
charity;beneficenza;0;0;0
chart;grafico;0;0;0
chat;Chiacchierare;0;0;0
cheap;a buon mercato;0;0;0
cheat;truffare;0;0;0
check;dai un'occhiata;0;0;0
chef;capocuoco;0;0;0
cheerful;allegro;0;0;0
cheese;formaggio;0;0;0
chemical;chimico;0;0;0
chemistry;chimica;0;0;0
chest;il petto;0;1;1
chicken;pollo;0;0;0
chief;capo;0;0;0
child;bambino;0;0;0
childhood;infanzia;0;0;0
chip;patata fritta;0;0;0
chocolate;cioccolato;0;0;0
choice;scelta;0;1;1
choose;scegliere;0;0;0
church;Chiesa;0;0;0
cigarette;sigaretta;0;0;0
cinema;cinema;0;0;0
circle;cerchio;0;0;0
circumstance;circostanza;0;0;0
cite;citare;0;0;0
citizen;cittadino;0;0;0
city;città;0;0;0
civil;civile;0;0;0
claim;Richiesta;0;0;0
class;classe;0;0;0
classic;classico;0;0;0
classical;classico;0;0;0
classroom;aula;0;0;0
clause;clausola;0;0;0
clean;pulito;0;0;0
clear;chiaro;0;0;0
clearly;chiaramente;0;1;1
clever;intelligente;0;0;0
click;clic;0;0;0
client;cliente;0;0;0
climate;clima;0;0;0
climb;scalata;0;1;1
clock;orologio;0;0;0
closed;chiuso;0;0;0
closely;strettamente;0;0;0
cloth;stoffa;0;0;0
clothes;Abiti;0;0;0
clothing;capi di abbigliamento;0;0;0
cloud;nube;0;0;0
club;club;0;0;0
clue;traccia;0;0;0
coach;allenatore;0;1;1
coal;carbone;0;0;0
coast;costa;0;0;0
coat;cappotto;0;0;0
code;codice;0;0;0
coffee;caffè;0;0;0
coin;moneta;0;0;0
cold;freddo;0;0;0
collapse;crollo;0;0;0
colleague;collega;0;0;0
collect;raccogliere;0;1;1
collection;collezione;0;0;0
college;Università;0;0;0
colour;colore;0;0;0
coloured;colorato;0;0;0
column;colonna;0;1;1
combination;combinazione;0;0;0
combine;combinare;1;0;1
come;venire;0;0;0
comedy;commedia;0;0;0
comfort;comfort;0;0;0
comfortable;confortevole;0;0;0
command;comando;0;0;0
comment;commento;0;0;0
commercial;commerciale;0;0;0
commission;commissione;0;0;0
commit;commettere;0;0;0
commitment;impegno;0;0;0
committee;Comitato;0;0;0
common;Comune;0;0;0
commonly;comunemente;0;0;0
communicate;comunicare;0;0;0
communication;comunicazione;0;1;1
community;Comunità;0;0;0
company;azienda;0;0;0
compare;confrontare;0;0;0
comparison;confronto;0;0;0
compete;competere;0;0;0
competition;concorrenza;0;0;0
competitor;concorrente;0;0;0
competitive;competitivo;0;0;0
complain;lamentarsi;0;0;0
complaint;denuncia;0;0;0
complete;completare;0;0;0
completely;completamente;0;0;0
complex;complesso;0;0;0
complicated;complicato;0;0;0
component;componente;0;0;0
computer;computer;0;0;0
concentrate;concentrato;0;0;0
concentration;concentrazione;0;0;0
concept;concetto;0;0;0
concern;preoccupazione;0;0;0
concerned;ha riguardato;0;0;0
concert;concerto;1;0;1
conclude;concludere;0;1;1
conclusion;conclusione;0;0;0
condition;condizione;0;0;0
conduct;condotta;0;0;0
conference;conferenza;0;0;0
confidence;fiducia;0;1;1
confident;fiducioso;0;0;0
confirm;Confermare;0;0;0
conflict;conflitto;0;0;0
confuse;confuso;0;1;1
confused;confuso;0;0;0
confusing;confondendo;0;1;1
connect;Collegare;0;1;1
connected;collegato;0;0;0
connection;connessione;0;1;1
conscious;consapevole;0;0;0
consequence;conseguenza;0;0;0
conservative;prudente;0;0;0
consider;tener conto di;0;0;0
consideration;considerazione;0;0;0
consist;consistere;0;0;0
consistent;coerente;0;0;0
constant;costante;0;0;0
constantly;costantemente;0;0;0
construct;costruire;0;0;0
construction;costruzione;0;0;0
consume;consumare;0;0;0
consumer;consumatore;0;1;1
contact;contatto;0;0;0
contain;contenere;0;0;0
container;contenitore;0;0;0
contemporary;contemporaneo;0;0;0
content;soddisfare;0;0;0
contest;concorso;0;1;1
context;contesto;0;1;1
continent;continente;0;0;0
continue;Continua;0;1;1
continuous;continuo;1;0;1
contract;contrarre;0;0;0
contrast;contrasto;0;0;0
contribute;contribuire;0;0;0
contribution;contributo;0;0;0
control;controllo;0;0;0
convenient;conveniente;0;0;0
conversation;conversazione;0;0;0
convert;convertire;0;0;0
convince;convincere;0;0;0
convinced;convinto;0;0;0
cook;cucinare;0;0;0
cooker;fornello;0;0;0
cooking;cucinando;0;1;1
cool;freddo;0;0;0
copy;copia;0;0;0
core;nucleo;0;0;0
corner;angolo;0;0;0
corporate;aziendale;0;0;0
correct;corretta;0;0;0
correctly;correttamente;0;0;0
cost;costo;1;0;1
costume;costume;0;0;0
cottage;Villetta;0;0;0
cotton;cotone;0;1;1
could;poteva;0;1;1
council;consiglio;0;0;0
count;contare;0;0;0
country;nazione;0;1;1
countryside;campagna;0;0;0
county;contea;0;0;0
couple;coppia;0;1;1
courage;coraggio;0;0;0
course;corso;0;0;0
court;Tribunale;0;1;1
cousin;cugino;0;0;0
cover;copertina;0;0;0
covered;coperto;0;0;0
cow;mucca;0;0;0
crash;schianto;0;0;0
crazy;pazzo;0;0;0
cream;crema;0;0;0
create;creare;0;1;1
creation;creazione;0;0;0
creative;creativo;0;0;0
creature;creatura;0;0;0
credit;credito;0;0;0
crew;equipaggio;0;0;0
crime;crimine;0;0;0
criminal;penale;0;1;1
crisis;crisi;0;0;0
criterion;criterio;0;0;0
critic;critico;1;0;1
critical;critico;0;1;1
criticism;critica;0;0;0
criticize;criticare;0;1;1
crop;Ritaglia;0;1;1
cross;attraversare;0;0;0
crowd;folla;0;0;0
crowded;affollato;0;0;0
crucial;cruciale;0;0;0
cruel;crudele;0;0;0
cry;piangere;0;0;0
cultural;culturale;0;0;0
culture;cultura;1;0;1
cup;tazza;0;0;0
cupboard;credenza;0;0;0
cure;cura;0;0;0
curly;Riccio;0;0;0
currency;moneta;0;1;1
current;attuale;0;0;0
currently;attualmente;0;0;0
curtain;tenda;0;1;1
curve;curva;0;0;0
curved;curvo;0;0;0
custom;costume;0;0;0
customer;cliente;0;0;0
cut;tagliare;0;0;0
cycle;ciclo;0;0;0
dad;papà;0;1;1
daily;quotidiano;0;0;0
damage;danno;0;0;0
dance;danza;0;0;0
dancer;ballerino;0;0;0
dancing;danza;0;0;0
danger;Pericolo;0;0;0
dangerous;pericoloso;0;0;0
dark;buio;0;0;0
data;dati;0;0;0
date;Data;0;0;0
daughter;figlia;0;0;0
day;giorno;0;0;0
dead;morto;0;0;0
deal;affare;0;0;0
dear;caro;0;0;0
death;Morte;0;0;0
debate;discussione;0;0;0
debt;debito;0;0;0
decade;decennio;0;0;0
December;dicembre;0;0;0
decent;decente;0;0;0
decide;decidere;1;0;1
decision;decisione;0;1;1
declare;dichiarare;0;0;0
decline;declino;0;0;0
decorate;decorare;0;0;0
decoration;decorazione;0;0;0
decrease;diminuire;0;1;1
deep;in profondità;0;0;0
deeply;profondamente;0;0;0
defeat;la sconfitta;0;0;0
defence;difesa;0;0;0
defend;difendere;0;0;0
define;definire;0;0;0
definite;definito;0;0;0
definitely;decisamente;0;0;0
definition;definizione;0;0;0
degree;grado;0;0;0
delay;ritardo;0;0;0
deliberate;deliberato;0;0;0
deliberately;deliberatamente;0;0;0
delicious;delizioso;0;0;0
delight;diletto;0;0;0
delighted;Contentissimo;0;0;0
deliver;consegnare;0;0;0
delivery;consegna;0;1;1
demand;richiesta;0;1;1
demonstrate;dimostrare;0;0;0
dentist;dentista;0;0;0
deny;negare;0;0;0
department;Dipartimento;0;1;1
departure;partenza;0;0;0
depend;dipendere;0;0;0
depressed;depresso;0;1;1
depressing;deprimente;0;0;0
depth;profondità;0;0;0
describe;descrivere;0;0;0
description;descrizione;0;0;0
desert;deserto;1;0;1
deserve;meritare;0;1;1
design;design;0;0;0
designer;progettista;0;0;0
desire;desiderio;0;0;0
desk;scrivania;0;0;0
desperate;disperato;0;0;0
despite;nonostante;0;0;0
destination;destinazione;0;0;0
destroy;distruggere;0;0;0
detail;dettaglio;0;0;0
detailed;dettagliato;0;0;0
detect;individuare;0;0;0
detective;investigatore;0;0;0
determine;determinare;0;0;0
determined;determinato;0;0;0
develop;sviluppare;0;0;0
development;sviluppo;0;0;0
device;dispositivo;0;0;0
diagram;diagramma;0;0;0
dialogue;dialogo;0;0;0
diamond;diamante;0;0;0
diary;diario;0;0;0
dictionary;dizionario;0;0;0
die;morire;0;0;0
diet;dieta;0;0;0
difference;differenza;0;0;0
different;diverso;0;1;1
differently;diversamente;0;0;0
difficult;difficile;0;0;0
difficulty;difficoltà;0;0;0
dig;scavare;0;0;0
digital;digitale;0;0;0
dinner;cena;1;0;1
direct;diretto;0;0;0
direction;direzione;0;1;1
directly;direttamente;0;0;0
director;direttore;0;0;0
dirt;sporco;0;0;0
disagree;disaccordo;0;0;0
disappear;scomparire;0;0;0
disappointed;deluso;0;0;0
disappointing;deludente;0;0;0
disaster;disastro;0;0;0
disc;disco;0;0;0
discipline;disciplina;0;0;0
discount;sconto;0;0;0
discover;scoprire;0;0;0
discovery;scoperta;0;1;1
discuss;discutere;0;0;0
discussion;discussione;0;0;0
disease;patologia;0;1;1
dish;piatto;0;0;0
dishonest;disonesto;0;0;0
dislike;antipatia;0;1;1
dismiss;respingere;0;0;0
display;Schermo;0;0;0
distance;distanza;1;0;1
distribute;distribuire;0;0;0
distribution;distribuzione;0;0;0
district;quartiere;0;0;0
divide;dividere;0;0;0
division;divisione;0;0;0
divorced;divorziato;0;0;0
do;fare;0;0;0
doctor;medico;0;0;0
document;documento;0;0;0
documentary;documentario;0;1;1
dog;cane;0;0;0
dollar;dollaro;0;1;1
domestic;domestico;0;0;0
dominate;dominare;0;0;0
donate;donare;0;0;0
door;porta;0;0;0
double;Doppio;0;1;1
doubt;dubbio;0;0;0
down;giù;0;0;0
download;Scarica;0;0;0
downstairs;Piano inferiore;0;1;1
downwards;verso il basso;0;0;0
dozen;dozzina;0;0;0
draft;bozza;0;0;0
drag;trascinare;0;0;0
drama;Dramma;0;0;0
dramatic;drammatico;0;0;0
draw;disegnare;0;0;0
drawing;disegno;0;0;0
dream;sognare;0;1;1
dress;vestito;0;0;0
dressed;vestito;0;0;0
drink;bevanda;0;0;0
drive;guidare;0;0;0
driver;autista;0;0;0
driving;guida;0;0;0
drop;far cadere;0;0;0
drug;farmaco;0;0;0
drum;tamburo;0;0;0
drunk;ubriaco;0;0;0
dry;asciutto;0;0;0
due;dovuto;0;0;0
during;durante;0;0;0
dust;polvere;0;1;1
duty;dovere;0;0;0
each;ogni;0;0;0
ear;orecchio;0;1;1
early;presto;0;0;0
earn;guadagnare;0;0;0
earth;terra;0;0;0
earthquake;terremoto;0;1;1
easily;facilmente;0;0;0
east;est;0;0;0
eastern;orientale;0;0;0
easy;facile;1;0;1
eat;mangiare;0;0;0
economic;economico;0;0;0
economy;economia;0;0;0
edge;bordo;0;1;1
edit;modificare;0;0;0
edition;edizione;0;0;0
editor;editore;0;0;0
educate;educare;0;0;0
educated;educato;0;0;0
education;formazione scolastica;0;0;0
educational;educativo;0;1;1
effect;effetto;0;0;0
effective;efficace;0;0;0
effectively;effettivamente;0;0;0
efficient;efficiente;0;0;0
effort;sforzo;0;0;0
egg;uovo;0;0;0
eight;otto;0;0;0
eighteen;diciotto;0;0;0
eighty;ottanta;0;0;0
either;o;0;0;0
elderly;anziano;0;0;0
elect;eletto;0;0;0
election;elezione;0;0;0
electric;elettrico;0;0;0
electrical;elettrico;0;0;0
electricity;elettricità;0;0;0
electronic;elettronico;0;0;0
element;elemento;0;0;0
elephant;elefante;0;0;0
eleven;undici;0;1;1
else;altro;0;0;0
elsewhere;altrove;0;1;1
email;e-mail;0;0;0
embarrassed;imbarazzato;0;0;0
embarrassing;imbarazzante;0;0;0
emerge;emergere;0;0;0
emergency;emergenza;0;0;0
emotion;emozione;0;0;0
emotional;emotivo;1;0;1
emphasis;enfasi;0;1;1
emphasize;enfatizzare;0;1;1
employ;impiego;0;0;0
employee;dipendente;0;0;0
employer;datore di lavoro;0;0;0
employment;occupazione;0;0;0
empty;vuoto;0;0;0
enable;abilitare;0;0;0
encounter;incontrare;0;0;0
encourage;incoraggiare;0;0;0
end;fine;0;0;0
enemy;nemico;0;0;0
energy;energia;0;0;0
engage;impegnare;0;0;0
engaged;impegnato;0;0;0
engine;motore;0;0;0
engineer;ingegnere;0;0;0
engineering;ingegneria;0;0;0
enhance;accrescere;0;1;1
enjoy;godere;0;0;0
enormous;enorme;0;0;0
enough;abbastanza;0;0;0
enquiry;inchiesta;0;0;0
ensure;garantire;0;0;0
enter;accedere;0;1;1
entertain;intrattenere;0;0;0
entertainment;divertimento;0;1;1
enthusiasm;entusiasmo;0;0;0
enthusiastic;entusiasta;0;0;0
entire;intero;0;0;0
entirely;interamente;0;1;1
entrance;Entrata;0;1;1
entry;iscrizione;0;1;1
environment;ambiente;0;0;0
environmental;ambientale;0;1;1
episode;episodio;0;0;0
equal;pari;0;0;0
equally;ugualmente;0;0;0
equipment;attrezzatura;0;0;0
error;errore;0;0;0
escape;fuga;0;0;0
especially;particolarmente;0;0;0
essay;saggio;0;0;0
essential;essenziale;0;0;0
establish;stabilire;0;0;0
estate;tenuta;0;1;1
estimate;stima;0;0;0
ethical;etico;0;0;0
euro;Euro;1;0;1
evaluate;valutare;0;0;0
even;anche;0;0;0
evening;sera;0;0;0
event;evento;0;1;1
eventually;infine;0;0;0
ever;mai;0;0;0
every;ogni;0;0;0
everybody;tutti;0;1;1
everyday;ogni giorno;0;0;0
everyone;tutti;0;0;0
everything;qualunque cosa;0;0;0
everywhere;ovunque;0;0;0
evidence;prova;0;0;0
evil;il male;0;1;1
exact;esatto;0;0;0
exactly;Esattamente;0;0;0
exam;esame;0;0;0
examination;visita medica;0;0;0
examine;esaminare;0;0;0
example;esempio;0;0;0
excellent;eccellente;0;0;0
except;tranne;0;0;0
exchange;scambio;0;0;0
excited;eccitato;0;1;1
excitement;eccitazione;1;0;1
exciting;eccitante;0;0;0
excuse;scusa;0;1;1
executive;esecutivo;0;0;0
exercise;esercizio;0;0;0
exhibition;esposizione;0;1;1
exist;esistere;0;0;0
existence;esistenza;0;0;0
expand;espandere;0;0;0
expect;aspettarsi;0;0;0
expectation;aspettativa;0;0;0
expected;previsto;0;1;1
expedition;spedizione;0;0;0
expense;spese;0;0;0
expensive;costoso;0;0;0
experience;Esperienza;0;0;0
experienced;esperto;0;0;0
experiment;sperimentare;0;0;0
expert;esperto;0;0;0
explain;spiegare;0;0;0
explanation;spiegazione;0;0;0
explode;esplodere;0;0;0
exploration;esplorazione;0;0;0
explore;Esplorare;0;1;1
explosion;esplosione;0;0;0
export;esportare;0;0;0
expose;esporre;0;1;1
express;esprimere;0;0;0
expression;espressione;0;0;0
extend;estendere;0;0;0
extent;estensione;0;1;1
external;esterno;1;0;1
extra;extra;0;0;0
extraordinary;straordinario;0;0;0
extreme;estremo;0;0;0
extremely;estremamente;0;0;0
eye;occhio;0;0;0
face;viso;0;0;0
facility;servizio, struttura;0;0;0
fact;fatto;0;0;0
factor;fattore;0;1;1
factory;fabbrica;0;0;0
fail;fallire;0;0;0
failure;fallimento;0;0;0
fair;giusto;0;0;0
fairly;abbastanza;0;0;0
faith;fede;0;0;0
fall;autunno;0;0;0
FALSE;FALSE;0;0;0
familiar;familiare;0;0;0
family;famiglia;0;0;0
famous;famoso;0;0;0
fan;fan;0;0;0
fancy;fantasia;0;0;0
fantastic;fantastico;0;0;0
far;lontano;0;0;0
farm;azienda agricola;0;0;0
farmer;contadino;0;1;1
farming;agricoltura;0;0;0
fascinating;affascinante;0;0;0
fashion;moda;0;0;0
fashionable;alla moda;0;0;0
fast;veloce;0;0;0
fasten;allacciare;0;0;0
fat;Grasso;0;0;0
father;padre;0;1;1
fault;colpa;0;1;1
favour;favore;1;0;1
favourite;preferito;0;0;0
fear;paura;0;0;0
feather;piuma;0;1;1
feature;caratteristica;0;0;0
February;febbraio;0;0;0
fee;tassa;0;0;0
feed;alimentazione;0;0;0
feedback;risposta;0;0;0
feel;sentire;0;0;0
feeling;sensazione;0;0;0
fellow;compagno;0;0;0
female;femmina;0;1;1
fence;recinto;0;0;0
festival;Festival;0;0;0
few;pochi;0;0;0
fiction;finzione;0;1;1
field;campo;0;0;0
fifteen;quindici;0;0;0
fifth;quinto;1;0;1
fifty;cinquanta;0;0;0
fight;combattimento;0;1;1
fighting;combattente;0;1;1
figure;figura;0;0;0
file;file;0;0;0
fill;riempire;0;0;0
film;film;0;1;1
final;finale;0;0;0
finally;finalmente;0;1;1
finance;finanza;0;0;0
financial;finanziario;0;0;0
find;trova;0;0;0
finding;scoperta;0;1;1
fine;bene;0;1;1
finger;dito;0;0;0
finish;finire;0;0;0
fire;fuoco;0;0;0
firm;azienda;0;0;0
first;primo;0;0;0
firstly;in primo luogo;0;0;0
fish;pesce;0;0;0
fishing;pesca;0;1;1
fit;in forma;0;0;0
fitness;fitness;0;1;1
five;cinque;1;0;1
fix;fix;0;0;0
fixed;fisso;0;0;0
flag;bandiera;0;0;0
flame;fiamma;0;0;0
flash;veloce;0;0;0
flat;piatto;0;0;0
flexible;flessibile;0;0;0
flight;volo;0;0;0
float;galleggiante;0;0;0
flood;alluvione;0;1;1
floor;pavimento;0;0;0
flour;Farina;0;0;0
flow;flusso;0;0;0
flower;fiore;0;0;0
flu;influenza;1;0;1
fly;volare;0;0;0
flying;volante;0;0;0
focus;messa a fuoco;0;1;1
fold;piegare;0;0;0
folding;pieghevole;0;0;0
folk;popolare;0;0;0
follow;Seguire;0;0;0
following;a seguire;0;0;0
food;cibo;0;0;0
foot;piede;0;0;0
football;calcio;0;0;0
for;per;0;0;0
force;vigore;0;0;0
foreign;straniero;0;0;0
forest;foresta;0;0;0
forever;per sempre;0;0;0
forget;dimenticare;0;0;0
forgive;perdonare;0;0;0
fork;forchetta;0;1;1
form;modulo;0;0;0
formal;formale;0;0;0
former;ex;0;0;0
fortunately;fortunatamente;0;0;0
fortune;fortuna;0;0;0
forty;quaranta;0;0;0
forward;inoltrare;0;0;0
found;trovato;0;0;0
four;quattro;0;1;1
fourteen;quattordici;0;0;0
fourth;il quarto;0;0;0
frame;telaio;0;0;0
free;gratuito;0;0;0
freedom;la libertà;0;0;0
freeze;congelare;0;1;1
frequency;frequenza;0;0;0
frequently;frequentemente;0;0;0
fresh;fresco;0;0;0
Friday;Venerdì;0;0;0
fridge;frigo;0;0;0
friend;amico;1;0;1
friendly;amichevole;0;0;0
friendship;amicizia;0;0;0
frighten;spaventare;0;0;0
frightened;spaventato;0;0;0
frightening;spaventoso;0;1;1
frog;rana;0;0;0
from;a partire dal;0;1;1
front;davanti;0;1;1
frozen;congelato;0;0;0
fruit;frutta;0;0;0
fry;friggere;0;0;0
fuel;carburante;0;0;0
full;pieno;0;1;1
fully;completamente;0;0;0
fun;divertimento;0;0;0
function;funzione;0;0;0
fund;fondo;0;0;0
fundamental;fondamentale;0;0;0
funding;finanziamento;0;0;0
funny;divertente;0;0;0
fur;pelliccia;0;0;0
furniture;mobilia;0;0;0
further;ulteriore;0;0;0
furthermore;inoltre;0;1;1
future;futuro;1;0;1
gain;guadagno;0;0;0
gallery;galleria;0;1;1
game;gioco;0;0;0
gang;banda;0;0;0
gap;divario;0;0;0
garage;box auto;0;0;0
garden;giardino;1;0;1
gas;gas;0;0;0
gate;cancello;0;0;0
gather;raccogliere;0;0;0
general;generale;0;0;0
generally;generalmente;0;0;0
generate;creare;0;0;0
generation;generazione;0;0;0
generous;generoso;0;0;0
genre;genere;0;0;0
gentle;dolce;0;0;0
gentleman;signore;0;0;0
geography;geografia;0;0;0
get;ottenere;0;0;0
ghost;fantasma;0;0;0
giant;gigante;0;0;0
gift;regalo;0;0;0
girl;ragazza;0;0;0
girlfriend;fidanzata;0;0;0
give;dare;0;0;0
glad;lieto;0;1;1
glass;bicchiere;0;0;0
global;globale;0;0;0
glove;guanto;0;0;0
go;partire;0;0;0
goal;obbiettivo;0;0;0
God;Dio;0;0;0
gold;oro;0;0;0
golf;golf;0;0;0
good;bene;0;0;0
goodbye;addio;0;0;0
goods;merce;0;0;0
govern;governare;0;0;0
government;governo;1;0;1
grab;afferrare;0;0;0
grade;grado;0;1;1
gradually;gradualmente;0;0;0
graduate;diplomato;0;0;0
grain;grano;0;0;0
grand;mille dollari;0;0;0
grandfather;nonno;0;0;0
grandmother;nonna;0;0;0
grandparent;nonno;0;0;0
grant;concedere;0;0;0
grass;erba;0;0;0
grateful;grato;0;0;0
great;grande;0;1;1
green;verde;0;0;0
greet;salutare;0;0;0
grey;grigio;0;1;1
ground;terra;0;0;0
group;gruppo;0;0;0
grow;crescere;0;0;0
growth;crescita;0;0;0
guarantee;garanzia;0;0;0
guard;guardia;0;0;0
guess;indovina;0;0;0
guest;ospite;0;1;1
guide;guida;0;0;0
guilty;colpevole;0;1;1
guitar;chitarra;0;0;0
gun;pistola;0;1;1
guy;tipo;0;1;1
gym;Palestra;0;0;0
habit;abitudine;0;0;0
hair;capelli;0;0;0
half;metà;0;0;0
hall;sala;0;0;0
hand;mano;1;0;1
handle;maniglia;0;0;0
hang;appendere;0;0;0
happen;accadere;0;0;0
happily;felicemente;0;0;0
happiness;felicità;0;0;0
happy;contento;0;0;0
hard;difficile;0;0;0
hardly;quasi;0;0;0
harm;danno;0;0;0
harmful;dannoso;0;0;0
hat;cappello;0;0;0
hate;odiare;0;0;0
have;avere;0;0;0
have to modal;Sono d'modal;0;0;0
he;lui;0;0;0
head;testa;0;0;0
headache;mal di testa;0;0;0
headline;titolo;0;0;0
health;Salute;0;0;0
healthy;salutare;0;0;0
hear;sentire;0;0;0
hearing;udito;0;0;0
heart;cuore;0;0;0
heat;calore;0;0;0
heating;riscaldamento;0;0;0
heaven;Paradiso;0;0;0
heavily;pesantemente;0;0;0
heavy;pesante;0;0;0
heel;tacco;0;0;0
height;altezza;0;1;1
helicopter;elicottero;0;0;0
hell;inferno;0;0;0
hello;Ciao;0;0;0
help;Aiuto;0;1;1
helpful;utile;0;1;1
her;sua;0;0;0
here;Qui;0;0;0
hero;eroe;0;0;0
hers;la sua;0;0;0
herself;se stessa;0;0;0
hesitate;esitare;0;0;0
hey;Hey;0;0;0
hi;Ciao;0;0;0
hide;nascondere;0;0;0
high;alto;1;0;1
highlight;evidenziare;0;0;0
highly;altamente;0;0;0
hill;collina;0;0;0
him;lui;0;0;0
himself;lui stesso;0;0;0
hire;assumere;0;0;0
his;il suo;0;0;0
historic;storico;1;0;1
historical;storico;0;0;0
history;storia;0;0;0
hit;colpire;0;0;0
hobby;passatempo;0;0;0
hockey;hockey;0;0;0
hold;hold;0;0;0
hole;buco;0;0;0
holiday;vacanza;0;0;0
hollow;cavo;0;0;0
holy;santo;0;0;0
home;casa;0;0;0
homework;compiti a casa;0;0;0
honest;onesto;0;0;0
honour;onore;0;0;0
hope;speranza;0;0;0
horrible;orribile;0;0;0
horror;orrore;0;0;0
horse;cavallo;0;0;0
hospital;ospedale;0;1;1
host;ospite;0;0;0
hot;caldo;0;0;0
hotel;Hotel;0;0;0
hour;ora;0;0;0
house;Casa;1;0;1
household;domestico;0;0;0
housing;alloggiamento;0;1;1
how;Come;0;0;0
however;però;0;0;0
huge;enorme;0;0;0
human;umano;0;0;0
humorous;umoristico;0;0;0
humour;umorismo;0;1;1
hundred;centinaio;0;1;1
hungry;Affamato;0;0;0
hunt;caccia;0;0;0
hunting;a caccia;0;0;0
hurricane;uragano;0;0;0
hurry;fretta;0;0;0
hurt;male;0;0;0
husband;marito;0;1;1
I;io;0;0;0
ice;ghiaccio;0;0;0
ice cream;gelato;0;0;0
idea;idea;0;0;0
ideal;ideale;0;0;0
identify;identificare;0;1;1
identity;identità;0;0;0
if;Se;0;0;0
ignore;ignorare;0;0;0
ill;malato;0;1;1
illegal;illegale;0;0;0
illness;malattia;0;0;0
illustrate;illustrare;0;0;0
illustration;illustrazione;0;0;0
image;Immagine;0;0;0
imaginary;immaginario;0;1;1
imagination;immaginazione;0;1;1
imagine;immaginare;0;0;0
immediate;immediato;0;0;0
immediately;subito;0;0;0
immigrant;immigrante;0;0;0
impact;urto;0;0;0
impatient;impaziente;0;0;0
imply;implicare;0;0;0
import;importare;0;0;0
importance;importanza;0;0;0
important;importante;0;0;0
impose;imporre;0;0;0
impossible;impossibile;0;0;0
impress;impressionare;0;0;0
impressed;impressionato;0;0;0
impression;impressione;0;0;0
impressive;degno di nota;0;0;0
improve;Ottimizzare;0;0;0
improvement;miglioramento;0;0;0
in;nel;0;0;0
inch;pollice;0;0;0
incident;incidente;0;0;0
include;includere;0;0;0
included;incluso;0;0;0
including;Compreso;0;0;0
income;reddito;0;0;0
increase;aumentare;0;1;1
increasingly;sempre più;0;0;0
incredible;incredibile;0;1;1
incredibly;incredibilmente;0;0;0
indeed;infatti;0;1;1
independent;indipendente;0;0;0
indicate;indicare;0;0;0
indirect;indiretto;0;0;0
individual;individuale;0;0;0
indoor;interno;0;0;0
indoors;in casa;0;0;0
industrial;industriale;1;0;1
industry;industria;0;0;0
infection;infezione;0;0;0
influence;influenza;0;0;0
inform;far sapere;0;0;0
informal;informale;0;0;0
information;informazione;0;0;0
ingredient;ingrediente;0;0;0
initial;iniziale;0;0;0
initially;inizialmente;0;0;0
initiative;iniziativa;0;0;0
injure;ferire;0;0;0
injured;ferito;0;0;0
injury;lesione;0;1;1
inner;interno;0;0;0
innocent;innocente;0;0;0
insect;insetto;0;0;0
inside;dentro;0;0;0
insight;intuizione;0;0;0
insist;insistere;0;0;0
inspire;ispirare;0;0;0
install;installare;0;0;0
instance;esempio;0;0;0
instead;anziché;0;0;0
institute;istituto;0;1;1
institution;istituzione;0;0;0
instruction;istruzione;0;0;0
instructor;istruttore;0;1;1
instrument;strumento;0;0;0
insurance;assicurazione;0;0;0
intelligence;intelligenza;0;0;0
intelligent;intelligente;0;1;1
intend;avere intenzione;0;0;0
intended;destinato;0;0;0
intense;intenso;0;0;0
intention;Intenzione;0;0;0
interest;interesse;0;0;0
interested;interessato;0;0;0
interesting;interessante;0;0;0
internal;interno;1;0;1
international;internazionale;0;0;0
internet;Internet;0;0;0
interpret;interpretare;0;0;0
interrupt;interrompere;0;0;0
interview;colloquio;0;1;1
into;in;0;0;0
introduce;introdurre;0;0;0
introduction;introduzione;0;0;0
invent;inventare;0;0;0
invention;invenzione;0;0;0
invest;investire;0;0;0
investigate;indagare;0;0;0
investigation;indagine;0;0;0
investment;investimento;0;0;0
invitation;invito;0;0;0
invite;invitare;0;0;0
involve;coinvolgere;0;0;0
involved;coinvolti;0;1;1
iron;ferro;1;0;1
island;isola;0;0;0
issue;problema;0;0;0
it;esso;0;0;0
item;articolo;0;0;0
its;suo;0;0;0
itself;si;0;0;0
jacket;giacca;1;0;1
jam;marmellata;0;0;0
January;gennaio;0;0;0
jazz;jazz;0;0;0
jeans;jeans;0;0;0
jewellery;gioielleria;0;0;0
job;lavoro;0;0;0
join;aderire;0;1;1
joke;scherzare;0;0;0
journal;rivista;0;1;1
journalist;giornalista;0;1;1
journey;viaggio;0;0;0
joy;gioia;0;1;1
judge;giudice;0;0;0
judgement;giudizio;0;0;0
juice;succo;0;0;0
July;luglio;0;1;1
jump;saltare;0;1;1
June;giugno;0;0;0
junior;junior;0;0;0
just;appena;0;0;0
justice;giustizia;0;0;0
justify;giustificare;0;0;0
keen;acuto;0;0;0
keep;mantenere;0;1;1
key;chiave;0;0;0
keyboard;tastiera;0;0;0
kick;calcio;0;0;0
kid;ragazzo;0;0;0
kill;uccidere;0;0;0
killing;uccisione;0;0;0
kilometre;chilometro;0;1;1
kind(type);genere (tipo);0;0;0
kind(caring);tipo (caring);0;0;0
king;re;0;0;0
kiss;bacio;0;0;0
kitchen;cucina;0;0;0
knee;ginocchio;0;1;1
knife;coltello;0;0;0
knock;bussare;0;1;1
know;conoscere;0;1;1
knowledge;conoscenza;0;0;0
lab;laboratorio;0;0;0
label;etichetta;0;0;0
laboratory;laboratorio;0;0;0
labour;lavoro duro e faticoso;0;0;0
lack;mancanza;0;0;0
lady;signora;0;0;0
lake;lago;0;0;0
lamp;lampada;0;0;0
land;sbarcare;0;1;1
landscape;paesaggio;0;0;0
language;linguaggio;0;0;0
laptop;il computer portatile;0;1;1
large;grande;0;0;0
largely;in gran parte;0;0;0
late;in ritardo;0;0;0
later;dopo;0;0;0
latest;più recente;0;0;0
laugh;ridere;0;0;0
laughter;risata;0;0;0
launch;lanciare;0;0;0
law;legge;0;0;0
lawyer;avvocato;0;0;0
lay;posare;0;0;0
layer;strato;0;0;0
lazy;pigro;0;0;0
lead;piombo;0;0;0
leader;capo;0;0;0
leadership;comando;0;0;0
leading;principale;0;0;0
leaf;foglia;1;0;1
league;lega;0;1;1
lean;magro;0;0;0
learn;imparare;0;0;0
learning;apprendimento;0;0;0
least;meno;0;0;0
leather;pelle;0;0;0
leave;partire;0;0;0
lecture;conferenza;0;0;0
left;sinistra;0;0;0
leg;gamba;0;0;0
legal;legale;0;0;0
leisure;tempo libero;0;1;1
lemon;Limone;0;0;0
lend;prestare;0;0;0
length;lunghezza;0;0;0
less;Di meno;0;0;0
lesson;lezione;0;0;0
let;permettere;0;0;0
letter;lettera;0;0;0
level;livello;0;0;0
library;biblioteca;0;0;0
licence;licenza;0;0;0
lie;menzogna;0;0;0
lie;menzogna;0;1;1
life;vita;0;0;0
lifestyle;stile di vita;0;0;0
lift;sollevamento;0;0;0
light (from the sun/a lamp);luce;0;0;0
like (similar);come;0;0;0
Noun;sostantivo;0;0;0
likely;probabile;0;0;0
limit;limite;1;0;1
limited;limitato;0;0;0
line;linea;0;0;0
link;collegamento;0;1;1
lion;Leone;0;0;0
lip;labbro;0;0;0
liquid;liquido;0;0;0
list;elenco;0;0;0
listen;ascolta;0;0;0
listener;ascoltatore;0;0;0
literature;letteratura;0;0;0
little;poco;1;0;1
lively;vivace;0;0;0
living;vita;0;0;0
load;caricare;0;0;0
loan;prestito;0;0;0
local;Locale;0;0;0
locate;individuare;0;0;0
located;collocato;0;0;0
location;Posizione;0;0;0
lock;serratura;0;1;1
logical;logico;0;0;0
lonely;solitario;0;1;1
long;lungo;0;0;0
look;Guarda;0;0;0
loose;perdere;0;0;0
lord;signore;0;0;0
lorry;camion;0;0;0
lose;perdere;0;0;0
loss;perdita;0;0;0
lost;perso;0;1;1
lot;lotto;0;1;1
loud;forte;0;0;0
loudly;a voce alta;0;0;0
love;amore;1;0;1
lovely;bello;0;0;0
low;Basso;0;1;1
lower;inferiore;0;1;1
luck;fortuna;0;0;0
lucky;fortunato;0;0;0
lunch;pranzo;0;0;0
lung;polmone;0;0;0
luxury;lusso;0;1;1
machine;macchina;0;0;0
mad;pazzo;0;1;1
magazine;rivista;0;0;0
magic;Magia;0;0;0
mail;posta;0;0;0
main;principale;0;0;0
mainly;principalmente;0;0;0
maintain;mantenere;0;0;0
major;maggiore;0;0;0
majority;maggioranza;0;0;0
make;rendere;0;0;0
male;maschio;0;0;0
mall;centro commerciale;0;0;0
man;uomo;0;0;0
manage;gestire;0;0;0
management;gestione;0;0;0
manager;manager;0;0;0
manner;maniera;0;0;0
many;molti;0;0;0
map;carta geografica;0;1;1
March;marzo;0;0;0
mark;marchio;0;0;0
market;mercato;0;0;0
marketing;marketing;1;0;1
marriage;matrimonio;0;1;1
married;sposato;0;1;1
marry;sposare;0;0;0
mass;massa;1;0;1
massive;massiccio;0;0;0
master;maestro;0;0;0
match (contest/correspond);partita;0;0;0
matching;accoppiamento;0;0;0
material;Materiale;0;0;0
mathematics;matematica;0;0;0
maths;matematica;0;0;0
matter;importa;0;0;0
maximum;massimo;0;0;0
May;Maggio;0;0;0
may modal;può modale;0;0;0
maybe;può essere;0;0;0
me;me;0;1;1
meal;pasto;0;0;0
mean;significare;0;1;1
meaning;senso;0;1;1
means;si intende;0;0;0
meanwhile;nel frattempo;0;0;0
measure;misurare;0;0;0
measurement;misurazione;0;0;0
meat;carne;0;0;0
media;media;0;0;0
medical;medico;0;0;0
medicine;medicinale;0;1;1
medium;medio;1;0;1
meet;incontrare;0;0;0
meeting;incontro;0;1;1
melt;fusione;0;0;0
member;membro;0;0;0
memory;memoria;0;0;0
mental;mentale;0;1;1
mention;citare;0;0;0
menu;menù;0;1;1
mess;pasticcio;0;0;0
message;Messaggio;0;0;0
metal;metallo;0;0;0
method;metodo;0;0;0
metre;metro;0;0;0
middle;mezzo;0;0;0
midnight;mezzanotte;0;0;0
might modal;potrebbe modale;0;0;0
mild;blando;0;0;0
mile;miglio;0;0;0
military;militare;0;0;0
milk;latte;0;0;0
million number;milioni il numero;0;0;0
mind;mente;0;0;0
mine (belongs to me);la mia;0;0;0
mine (hole in the ground);miniera;0;0;0
mineral;minerale;0;0;0
minimum;minimo;0;0;0
minister;ministro;0;0;0
minor;minore;0;0;0
minority;minoranza;0;1;1
minute;minuto;0;0;0
mirror;specchio;0;0;0
miss;Perdere;0;0;0
missing;mancante;0;0;0
mission;missione;0;1;1
mistake;sbaglio;0;0;0
mix;mescolare;0;0;0
mixed;misto;0;0;0
mixture;miscela;0;0;0
mobile;mobile;0;0;0
model;modello;0;0;0
modern;moderno;0;0;0
modify;modificare;0;0;0
moment;momento;0;0;0
Monday;Lunedi;0;0;0
money;i soldi;0;1;1
monkey;scimmia;0;0;0
month;mese;0;0;0
mood;umore;0;0;0
moon;Luna;0;0;0
moral;morale;1;0;1
more;Di Più;0;0;0
morning;mattina;0;0;0
most;maggior parte;0;0;0
mostly;soprattutto;0;1;1
mother;madre;0;1;1
motor;il motore;0;1;1
motorcycle;motociclo;0;0;0
mount;montare;0;0;0
mountain;montagna;0;0;0
mouse;topo;0;0;0
mouth;bocca;0;0;0
move;mossa;0;0;0
movement;movimento;0;0;0
movie;film;0;0;0
much;tanto;0;1;1
mud;fango;0;0;0
multiple;multiplo;0;0;0
multiply;moltiplicare;0;0;0
mum;mamma;0;0;0
murder;omicidio;0;0;0
muscle;muscolo;0;0;0
museum;Museo;0;0;0
music;musica;0;0;0
musical;musicale;0;0;0
musician;musicista;0;0;0
must modal;deve modale;0;0;0
my;mio;0;0;0
myself;me stessa;0;0;0
mysterious;misterioso;0;0;0
mystery;mistero;0;1;1
nail;chiodo;0;0;0
name;nome;0;1;1
narrative;narrazione;0;0;0
narrow;stretto;0;0;0
nation;nazione;0;0;0
national;nazionale;0;1;1
native;nativo;0;0;0
natural;naturale;0;0;0
naturally;naturalmente;0;0;0
nature;natura;0;0;0
near;vicino;0;0;0
nearly;quasi;0;1;1
neat;pulito;0;0;0
necessarily;necessariamente;0;0;0
necessary;necessario;0;0;0
neck;collo;0;0;0
need;bisogno;1;0;1
needle;ago;0;0;0
negative;negativo;0;1;1
neighbour;vicino di casa;0;0;0
neighbourhood;Quartiere;0;1;1
neither;né;0;1;1
nerve;nervo;0;0;0
nervous;nervoso;0;0;0
net;netto;0;0;0
network;Rete;0;0;0
never;mai;0;0;0
nevertheless;tuttavia;0;0;0
new;nuovo;0;0;0
news;notizia;0;0;0
newspaper;giornale;0;0;0
next;Il prossimo;0;0;0
next to;accanto a;0;0;0
nice;simpatico;0;1;1
night;notte;0;0;0
nightmare;incubo;0;0;0
nine;nove;0;0;0
nineteen;diciannove;0;1;1
ninety;novanta;0;0;0
no;no;0;1;1
no one;nessuno;0;0;0
nobody;nessuno;0;0;0
noise;rumore;0;0;0
noisy;rumoroso;0;0;0
none;nessuna;0;0;0
nor;né;0;0;0
normal;normale;0;0;0
normally;normalmente;0;0;0
north;nord;0;0;0
northern;settentrionale;0;0;0
nose;naso;0;0;0
not;non;0;1;1
note;Nota;0;0;0
nothing;Niente;0;0;0
notice;Avviso;0;0;0
notion;nozione;0;0;0
novel;romanzo;0;0;0
November;novembre;0;0;0
now;adesso;0;0;0
nowhere;Da nessuna parte;0;0;0
nuclear;nucleare;0;1;1
number;numero;1;0;1
numerous;numerose;0;0;0
nurse;infermiera;1;0;1
nut;Noce;0;0;0
obey;obbedire;0;0;0
object;oggetto;0;0;0
objective;obbiettivo;0;0;0
obligation;obbligo;0;0;0
observation;osservazione;0;0;0
observe;osservare;0;0;0
obtain;ottenere;0;0;0
obvious;evidente;0;0;0
obviously;ovviamente;0;0;0
occasion;occasione;0;0;0
occasionally;occasionalmente;0;0;0
occur;si verificano;0;0;0
ocean;oceano;0;1;1
o’clock;alle;0;0;0
October;ottobre;0;0;0
odd;dispari;0;1;1
of;di;0;0;0
off;via;0;0;0
offence;offesa;0;0;0
offend;offendere;0;0;0
offensive;offensivo;0;0;0
offer;offrire;0;0;0
office;ufficio;0;0;0
officer;ufficiale;0;0;0
official;ufficiale;1;0;1
often;spesso;0;1;1
oh;Oh;1;0;1
oil;olio;0;0;0
OK;ok;0;0;0
old;vecchio;1;0;1
old-fashioned;vecchio stile;0;0;0
on;sopra;0;0;0
once;una volta;0;0;0
one;uno;0;0;0
onion;cipolla;1;0;1
online;in linea;0;0;0
only;solo;0;0;0
onto;su;0;0;0
open;Aperto;0;1;1
opening;apertura;0;0;0
operate;operare;1;0;1
operation;operazione;0;0;0
opinion;opinione;0;0;0
opponent;avversario;0;0;0
opportunity;opportunità;0;0;0
oppose;opporsi;0;1;1
opposed;contrario;0;1;1
opposite;di fronte;0;0;0
opposition;opposizione;0;0;0
option;opzione;0;0;0
or;o;0;0;0
orange;arancia;0;0;0
order;ordine;0;0;0
ordinary;ordinario;0;0;0
organ;organo;0;0;0
organization;organizzazione;0;0;0
organize;organizzare;0;0;0
organized;organizzato;0;0;0
organizer;organizzatore;0;0;0
origin;origine;0;0;0
original;originale;0;0;0
originally;originariamente;0;0;0
other;altro;0;0;0
otherwise;altrimenti;0;0;0
ought;dovrebbe;0;0;0
our;nostro;0;0;0
ours;nostro;0;0;0
ourselves;noi stessi;0;0;0
out;su;0;0;0
outcome;risultato;0;0;0
outdoor;all'aperto;0;1;1
outdoors;all'aperto;0;0;0
outer;esterno;0;0;0
outline;contorno;0;0;0
outside;al di fuori;0;0;0
oven;forno;0;0;0
over;al di sopra di;0;0;0
overall;complessivamente;0;0;0
owe;dovere;0;0;0
own;proprio;0;0;0
owner;proprietario;0;1;1
pace;ritmo;0;0;0
pack;imballare;0;0;0
package;pacchetto;0;1;1
page;pagina;0;0;0
pain;dolore;0;0;0
painful;doloroso;0;1;1
paint;dipingere;0;1;1
painter;pittore;0;0;0
painting;pittura;0;0;0
pair;paio;0;0;0
palace;palazzo;0;0;0
pale;pallido;0;0;0
pan;padella;0;0;0
panel;pannello;0;0;0
pants;pantaloni;0;0;0
paper;carta;0;0;0
paragraph;paragrafo;0;0;0
parent;genitore;0;1;1
park;parco;0;0;0
parking;parcheggio;0;0;0
parliament;parlamento;1;0;1
part;parte;0;0;0
participant;partecipante;0;0;0
participate;partecipare;0;0;0
particular;particolare;0;1;1
particularly;in particolar modo;0;0;0
partly;in parte;0;0;0
partner;compagno;0;0;0
party;festa;0;0;0
pass;passaggio;0;0;0
passage;passaggio;0;0;0
passenger;passeggeri;0;1;1
passion;passione;0;0;0
passport;passaporto;0;0;0
past;passato;0;0;0
path;sentiero;0;0;0
patient;paziente;0;1;0
pattern;modello;0;0;0
pay;pagare;0;0;0
payment;pagamento;0;0;0
peace;pace;1;0;1
peaceful;tranquillo, calmo;0;0;0
pen;penna;0;0;0
pencil;matita;0;1;1
penny;centesimo;0;0;0
pension;pensione;0;0;0
people;persone;0;1;1
pepper;Pepe;0;0;0
per;per;0;0;0
per cent;per cento;0;0;0
percentage;percentuale;0;0;0
perfect;Perfetto;0;0;0
perfectly;perfettamente;0;0;0
perform;eseguire;0;0;0
performance;prestazione;0;1;1
perhaps;Forse;0;0;0
period;periodo;0;0;0
permanent;permanente;1;0;1
permission;autorizzazione;0;0;0
permit;permesso;0;1;1
person;persona;1;0;1
personal;personale;1;0;1
personality;personalità;0;0;0
personally;personalmente;1;0;1
perspective;prospettiva;0;0;0
persuade;persuadere;0;1;1
pet;animale domestico;0;0;0
petrol;benzina;0;0;0
phase;fase;0;0;0
phenomenon;fenomeno;0;0;0
philosophy;filosofia;0;0;0
phone;Telefono;0;0;0
photo;foto;0;0;0
photograph;fotografia;0;0;0
photographer;fotografo;0;0;0
photography;fotografia;0;0;0
phrase;frase;0;0;0
physical;fisico;1;0;1
physics;fisica;0;0;0
piano;pianoforte;0;1;1
pick;raccogliere;0;0;0
picture;immagine;0;0;0
piece;pezzo;0;0;0
pig;maiale;0;0;0
pile;mucchio;0;0;0
pilot;pilota;0;0;0
pin;perno;0;0;0
pink;rosa;0;0;0
pipe;tubo;0;0;0
pitch;intonazione;0;0;0
place;posto;0;0;0
plain;pianura;0;0;0
plan;Piano;0;0;0
plane;aereo;0;0;0
planet;pianeta;0;1;1
planning;pianificazione;0;0;0
plant;pianta;0;1;1
plastic;plastica;0;0;0
plate;piatto;0;0;0
platform;piattaforma;0;0;0
play;giocare;0;0;0
player;giocatore;0;0;0
pleasant;piacevole;0;1;1
please;per favore;0;0;0
pleased;lieta;0;0;0
pleasure;piacere;0;0;0
plenty;abbondanza;0;1;1
plot;tracciare;0;1;1
plus;più;0;1;1
pocket;tasca;0;1;1
poem;poesia;0;0;0
poet;poeta;0;0;0
poetry;poesia;0;0;0
point;punto;0;0;0
pointed;appuntito;0;0;0
poison;veleno;0;0;0
poisonous;velenoso;0;0;0
police;polizia;0;0;0
policeman;poliziotto;0;0;0
policy;politica;0;0;0
polite;gentile;0;0;0
political;politico;1;0;1
politician;politico;0;0;0
politics;politica;0;0;0
pollution;inquinamento;0;0;0
pool;piscina;0;0;0
poor;povero;0;0;0
pop;pop;0;0;0
popular;popolare;0;0;0
popularity;popolarità;0;1;1
population;popolazione;0;0;0
port;porta;0;0;0
portrait;ritratto;0;1;1
pose;posa;0;0;0
position;posizione;0;0;0
positive;positivo;0;0;0
possess;possedere;0;1;1
possession;possesso;0;0;0
possibility;possibilità;0;0;0
possible;possibile;0;0;0
possibly;possibilmente;0;0;0
post;inviare;0;0;0
poster;manifesto;0;0;0
pot;pentola;0;0;0
potato;Patata;0;0;0
potential;potenziale;0;0;0
pound;libbra;0;0;0
pour;versare;0;0;0
poverty;povertà;0;0;0
powder;polvere;0;0;0
power;energia;0;0;0
powerful;potente;0;0;0
practical;pratico;0;1;1
practice;pratica;0;0;0
practise;pratica;0;1;1
praise;lode;0;1;1
pray;pregare;0;0;0
prayer;preghiera;0;0;0
predict;predire;0;0;0
prediction;predizione;0;0;0
prefer;preferire;0;0;0
pregnant;incinta;0;1;1
preparation;preparazione;0;0;0
prepare;preparare;0;0;0
prepared;preparato;0;1;1
presence;presenza;0;0;0
present;presente;0;0;0
presentation;presentazione;0;0;0
preserve;conserva;0;0;0
president;Presidente;0;0;0
press;stampa;0;0;0
pressure;pressione;0;0;0
pretend;fare finta;0;0;0
pretty;bella;0;0;0
prevent;impedire;0;1;1
previous;precedente;0;0;0
previously;in precedenza;0;0;0
price;prezzo;0;0;0
priest;sacerdote;0;1;1
primary;primario;0;0;0
prime;primo;0;0;0
prince;Principe;0;0;0
princess;Principessa;0;0;0
principle;principio;0;0;0
print;Stampa;0;1;1
printer;stampante;0;0;0
printing;stampa;0;0;0
priority;priorità;0;0;0
prison;prigione;0;0;0
prisoner;prigioniero;0;0;0
privacy;vita privata;0;0;0
private;privato;0;0;0
prize;premio;0;0;0
probably;probabilmente;0;0;0
problem;problema;0;0;0
procedure;procedura;0;0;0
process;processi;0;0;0
produce;produrre;0;0;0
producer;produttore;0;0;0
product;Prodotto;0;0;0
production;produzione;0;1;1
profession;professione;0;1;1
professional;professionale;0;0;0
professor;Professore;0;0;0
profile;profilo;0;0;0
profit;profitto;0;0;0
program;programma;0;1;1
programme;programma;0;0;0
progress;progresso;0;0;0
project;progetto;0;0;0
promise;promettere;0;0;0
promote;promuovere;0;0;0
pronounce;pronunciare;0;1;1
proof;prova;0;0;0
proper;corretto;0;0;0
properly;propriamente;0;0;0
property;proprietà;0;0;0
proposal;proposta;0;0;0
propose;proporre;0;0;0
prospect;prospettiva;0;1;1
protect;proteggere;0;0;0
protection;protezione;1;0;1
protest;protesta;0;0;0
proud;orgoglioso;0;0;0
prove;dimostrare;0;1;1
provide;fornire;0;0;0
psychologist;psicologo;0;0;0
psychology;psicologia;0;0;0
pub;pub;0;0;0
public;pubblico;0;0;0
publication;pubblicazione;0;0;0
publish;pubblicare;0;1;1
pull;Tirare;0;0;0
punish;punire;0;1;1
punishment;punizione;0;0;0
pupil;allievo;0;0;0
purchase;Acquista;0;0;0
pure;puro;0;1;1
purple;viola;0;1;1
purpose;scopo;0;0;0
pursue;perseguire;0;0;0
push;spingere;0;0;0
put;mettere;0;0;0
qualification;qualificazione;0;0;0
qualified;qualificato;0;0;0
qualify;qualificarsi;0;0;0
quality;qualità;0;0;0
quantity;quantità;0;0;0
quarter;trimestre;0;1;1
queen;Regina;0;0;0
question;domanda;0;0;0
queue;coda;0;0;0
quick;Presto;0;0;0
quickly;velocemente;0;1;1
quiet;silenzioso;0;1;1
quietly;tranquillamente;0;0;0
quit;smettere;0;0;0
quite;abbastanza;0;0;0
quotation;Quotazione;0;0;0
quote;citazione;0;0;0
race (competition);gara (concorrenza);0;0;0
race (people);gara (persone);0;0;0
racing;da corsa;0;0;0
radio;Radio;0;0;0
railway;ferrovia;0;0;0
rain;pioggia;0;0;0
raise;aumentare;0;0;0
range;gamma;0;0;0
rank;rango;0;0;0
rapid;rapido;0;0;0
rapidly;rapidamente;0;1;1
rare;raro;0;0;0
rarely;raramente;1;0;1
rate;Vota;0;1;1
rather;piuttosto;0;0;0
raw;crudo;0;0;0
reach;raggiungere;0;0;0
react;reagire;0;0;0
reaction;reazione;0;0;0
read;leggere;0;0;0
reader;lettore;0;0;0
reading;lettura;0;0;0
ready;pronto;0;0;0
real;vero;0;0;0
realistic;realistico;0;0;0
reality;la realtà;0;0;0
realize;rendersi conto;0;0;0
really;veramente;0;0;0
reason;Motivo;0;0;0
reasonable;ragionevole;0;0;0
recall;richiamare;0;1;1
receipt;ricevuta;0;0;0
receive;ricevere;0;0;0
recent;recente;0;0;0
recently;recentemente;0;0;0
reception;ricezione;0;0;0
recipe;ricetta;1;0;1
recognize;riconoscere;0;0;0
recommend;raccomandare;0;0;0
recommendation;raccomandazione;0;0;0
record;disco;0;0;0
recording;registrazione;0;0;0
recover;recuperare;0;0;0
recycle;riciclare;0;0;0
red;rosso;0;0;0
reduce;ridurre;0;0;0
reduction;riduzione;0;0;0
refer;fare riferimento;0;0;0
reference;riferimento;0;0;0
reflect;riflettere;0;0;0
refuse;rifiuto;0;0;0
regard;considerare;0;0;0
region;regione;0;0;0
regional;regionale;0;0;0
register;Registrati;0;0;0
regret;rimpiangere;0;0;0
regular;regolare;0;0;0
regularly;regolarmente;0;0;0
regulation;regolamento;0;0;0
reject;rifiutare;0;0;0
relate;riferirsi;0;0;0
related;relazionato;0;0;0
relation;relazione;0;0;0
relationship;relazione;0;0;0
relative;parente;0;0;0
relatively;relativamente;0;0;0
relax;rilassare;0;0;0
relaxed;rilassato;0;0;0
relaxing;rilassante;0;0;0
release;pubblicazione;0;1;1
relevant;pertinente;0;1;1
reliable;affidabile;0;0;0
relief;sollievo;0;0;0
religion;religione;1;0;1
religious;religioso;0;0;0
rely;fare affidamento;0;1;1
remain;rimanere;0;0;0
remark;osservazione;0;0;0
remember;ricorda;0;0;0
remind;ricordare;0;0;0
remote;a distanza;0;1;1
remove;rimuovere;0;1;1
rent;affitto;0;1;1
repair;riparazione;0;0;0
repeat;ripetere;0;1;1
repeated;ripetuto;0;0;0
replace;sostituire;0;0;0
reply;rispondere;0;0;0
report;rapporto;0;0;0
reporter;reporter;0;0;0
represent;rappresentare;0;0;0
representative;rappresentante;0;0;0
reputation;reputazione;1;0;1
request;richiesta;0;0;0
require;richiedere;0;0;0
requirement;Requisiti;0;0;0
rescue;salvare;0;0;0
research;ricerca;0;0;0
researcher;ricercatore;0;1;1
reservation;prenotazione;0;0;0
reserve;Riserva;0;0;0
resident;residente;0;0;0
resist;resistere;0;0;0
resolve;risolvere;0;0;0
resort;ricorrere;0;0;0
resource;risorsa;0;1;1
respect;rispetto;0;0;0
respond;rispondere;0;0;0
response;risposta;0;0;0
responsibility;responsabilità;0;0;0
responsible;responsabile;1;0;1
rest (remaining part);riposo (parte restante);0;0;0
rest (sleep/relax);riposo (sleep / relax);0;0;0
restaurant;ristorante;0;0;0
result;risultato;0;0;0
retain;conservare;0;1;1
retire;andare in pensione;0;0;0
retired;pensionato;0;0;0
return;ritorno;0;0;0
reveal;svelare;0;0;0
review;revisione;0;1;1
revise;rivedere;0;0;0
revolution;rivoluzione;0;1;1
reward;ricompensa;0;1;1
rhythm;ritmo;0;0;0
rice;riso;0;0;0
rich;ricco;0;0;0
rid;liberarsi;0;0;0
ride;cavalcata;0;0;0
right;giusto;0;0;0
ring;squillare;0;1;1
ring;squillare;0;0;0
rise;salire;0;0;0
risk;rischio;0;0;0
river;fiume;0;0;0
road;strada;0;0;0
robot;robot;0;1;1
rock (stone);roccia (pietra);0;1;1
rock (music);musica rock);0;0;0
role;ruolo;0;0;0
roll;rotolo;0;0;0
romantic;romantico;0;0;0
roof;tetto;0;0;0
room;camera;0;0;0
root;radice;0;0;0
rope;corda;0;0;0
rough;ruvido;0;0;0
round;il giro;0;1;1
route;itinerario;0;0;0
routine;routine;0;1;1
row;riga;0;1;1
royal;reale;0;0;0
rub;strofinare;0;0;0
rubber;gomma da cancellare;0;0;0
rubbish;sciocchezze;0;0;0
rude;maleducato;0;0;0
rugby;Rugby;0;0;0
rule;regola;0;1;1
run;correre;0;0;0
runner;corridore;0;0;0
running;in esecuzione;0;0;0
rural;rurale;0;0;0
rush;corsa;0;0;0
sad;triste;0;0;0
sadly;purtroppo;0;0;0
safe;sicuro;0;0;0
safety;sicurezza;0;0;0
sail;vela;0;0;0
sailing;andare in barca;0;1;1
sailor;marinaio;0;0;0
salad;insalata;0;0;0
salary;stipendio;0;0;0
sale;vendita;0;0;0
salt;sale;0;0;0
same;stesso;0;0;0
sample;campione;0;0;0
sand;sabbia;0;0;0
sandwich;Sandwich;0;0;0
satellite;satellitare;0;1;1
satisfied;soddisfatto;0;0;0
satisfy;soddisfare;0;0;0
Saturday;Sabato;0;0;0
sauce;salsa;0;0;0
save;Salva;0;0;0
saving;Salvataggio;0;0;0
say;dire;0;0;0
scale;scala;0;0;0
scan;scansione;0;0;0
scared;impaurito;0;0;0
scary;pauroso;0;0;0
scene;scena;0;0;0
schedule;programma;0;0;0
scheme;schema;0;0;0
school;scuola;0;0;0
science;scienza;0;0;0
scientific;scientifico;0;0;0
scientist;scienziato;0;0;0
score;Punto;0;1;1
scream;urlare;0;0;0
screen;schermo;0;0;0
script;copione;0;0;0
sculpture;scultura;0;0;0
sea;mare;0;0;0
search;ricerca;0;0;0
season;stagione;0;0;0
seat;posto a sedere;0;1;1
second1 (next after the first);secondo;0;0;0
secondary;secondario;0;0;0
secondly;in secondo luogo;0;0;0
secret;segreto;0;0;0
secretary;segretario;0;1;1
section;sezione;0;0;0
sector;settore;0;0;0
secure;sicuro;0;0;0
security;sicurezza;0;0;0
see;vedere;0;0;0
seed;seme;0;0;0
seek;ricercare;0;0;0
seem;sembrare;0;0;0
select;Selezionare;0;0;0
selection;selezione;0;0;0
self;se stesso;0;0;0
sell;vendere;0;0;0
send;Spedire;0;0;0
senior;anziano;0;0;0
sense;senso;0;0;0
sensible;sensibile;0;0;0
sensitive;sensibile;0;0;0
sentence;frase;0;0;0
separate;separato;0;0;0
September;settembre;0;0;0
sequence;sequenza;0;0;0
series;serie;0;0;0
serious;grave;0;0;0
seriously;sul serio;0;1;1
servant;servitore;0;0;0
serve;servire;0;0;0
service;servizio;0;0;0
session;sessione;0;0;0
setting;ambientazione;0;1;1
settle;Risolvere;0;0;0
seven;Sette;0;0;0
seventeen;diciassette;0;0;0
seventy;Settanta;0;0;0
several;parecchi;0;0;0
severe;acuto;0;1;1
sex;sesso;0;0;0
sexual;sessuale;0;0;0
shade;ombra;0;0;0
shadow;ombra;0;0;0
shake;shake;0;0;0
shall;deve;0;0;0
shallow;superficiale;0;0;0
shame;vergogna;0;0;0
shape;forma;0;0;0
share;Condividere;0;0;0
sharp;acuto;0;0;0
she;lei;0;0;0
sheep;pecora;0;0;0
sheet;foglio;0;0;0
shelf;mensola;0;0;0
shell;conchiglia;0;1;1
shelter;riparo;0;0;0
shift;cambio;0;0;0
shine;splendere;0;0;0
shiny;brillante;0;0;0
ship;nave;0;0;0
shirt;camicia;0;0;0
shock;shock;0;0;0
shocked;scioccato;0;0;0
shoe;scarpa;0;0;0
shoot;sparare;0;0;0
shooting;tiro;0;0;0
shop;negozio;0;0;0
shopping;shopping;0;1;1
short;corto;0;0;0
shot;tiro;1;0;1
should;dovrebbero;0;0;0
shoulder;spalla;0;0;0
shout;grido;0;1;1
show;mostrare;0;0;0
shower;doccia;0;0;0
shut;chiuso;0;0;0
shy;timido;0;0;0
sick;malato;0;0;0
side;lato;0;0;0
sight;vista;0;0;0
sign;cartello;0;0;0
signal;segnale;0;0;0
significant;significativo;0;0;0
significantly;in modo significativo;0;0;0
silence;silenzio;0;0;0
silent;silenzioso;0;0;0
silk;seta;0;0;0
silly;sciocco;0;0;0
silver;argento;0;0;0
similar;simile;0;0;0
similarity;somiglianza;0;0;0
similarly;allo stesso modo;0;0;0
simple;semplice;0;1;1
simply;semplicemente;0;0;0
since;da;0;0;0
sincere;sincero;0;0;0
sing;cantare;0;0;0
singer;cantante;0;0;0
singing;cantando;0;0;0
single;singolo;0;0;0
sink;Lavello;0;0;0
sir;signore;0;0;0
sister;sorella;0;0;0
sit;sedersi;0;0;0
site;posto;0;0;0
situation;situazione;0;0;0
six;sei;0;0;0
sixteen;sedici;0;0;0
sixty;sessanta;1;0;1
size;taglia;0;0;0
ski;sciare;0;0;0
skiing;sciare;0;1;1
skill;abilità;0;0;0
skin;pelle;0;0;0
skirt;gonna;0;0;0
sky;cielo;1;0;1
slave;schiavo;0;0;0
sleep;dormire;0;0;0
slice;fetta;0;0;0
slide;diapositiva;0;0;0
slight;leggero;0;0;0
slightly;leggermente;0;0;0
slip;scivolare;0;0;0
slope;pendenza;0;0;0
slow;lento;0;0;0
slowly;lentamente;0;0;0
small;piccolo;0;0;0
smart;inteligente;0;1;1
smartphone;smartphone;0;0;0
smell;odore;0;0;0
smile;Sorridi;0;0;0
smoke;Fumo;0;0;0
smoking;fumo;0;0;0
smooth;liscio;0;0;0
snake;serpente;0;0;0
snow;neve;0;1;1
so;così;0;1;1
soap;sapone;0;0;0
soccer;calcio;0;0;0
social;sociale;1;0;1
society;società;0;0;0
sock;calzino;0;0;0
soft;morbido;0;0;0
software;Software;0;0;0
soil;suolo;0;0;0
solar;solare;0;0;0
soldier;soldato;0;1;1
solid;solido;0;0;0
solution;soluzione;0;0;0
solve;risolvere;0;0;0
some;alcuni;0;0;0
somebody;qualcuno;0;1;1
someone;qualcuno;0;0;0
something;qualcosa;0;1;1
sometimes;qualche volta;0;0;0
somewhat;piuttosto;0;0;0
somewhere;da qualche parte;0;1;1
son;figlio;0;0;0
song;canzone;0;0;0
soon;presto;0;1;1
sorry;spiacente;0;0;0
sort;ordinare;0;1;1
soul;anima;0;0;0
sound;suono;0;0;0
soup;la minestra;0;0;0
source;fonte;0;0;0
south;Sud;0;1;1
southern;meridionale;0;0;0
space;spazio;0;0;0
speak;parlare;0;0;0
speaker;altoparlante;0;0;0
special;speciale;0;0;0
specialist;specialista;0;1;1
species;specie;0;0;0
specific;specifico;0;0;0
specifically;specificamente;0;0;0
speech;discorso;0;1;1
speed;velocità;0;0;0
spell;sillabare;0;0;0
spelling;ortografia;0;0;0
spend;trascorrere;0;0;0
spending;la spesa;0;0;0
spicy;speziato;0;0;0
spider;ragno;0;0;0
spirit;spirito;0;0;0
spiritual;spirituale;0;0;0
split;Diviso;0;0;0
spoken;parlato;0;0;0
sponsor;sponsor;0;0;0
spoon;cucchiaio;0;0;0
sport;sport;1;0;1
spot;individuare;0;0;0
spread;diffusione;0;0;0
spring;primavera;0;0;0
square;piazza;0;0;0
stable;stabile;0;0;0
stadium;stadio;0;0;0
staff;personale;0;0;0
stage;palcoscenico;0;0;0
stair;scala;0;0;0
stamp;francobollo;0;0;0
stand;In piedi;0;0;0
standard;standard;0;1;1
star;stella;0;0;0
stare;sguardo fisso;0;0;0
start;inizio;1;0;1
state;stato;0;0;0
statement;dichiarazione;0;0;0
station;stazione;0;0;0
statistic;statistico;0;1;1
statue;statua;0;0;0
status;stato;0;0;0
stay;restare;0;0;0
steady;costante;0;0;0
steal;rubare;0;1;1
steel;acciaio;0;0;0
steep;ripido;0;0;0
step;passo;0;1;1
stiff;rigido;0;1;1
still;ancora;0;0;0
stock;azione;0;1;1
stomach;stomaco;0;0;0
stone;calcolo;0;0;0
stop;fermare;0;0;0
store;negozio;0;0;0
storm;tempesta;0;0;0
story;storia;0;0;0
straight;dritto;0;1;1
strange;strano;0;1;1
stranger;sconosciuto;0;1;1
strategy;strategia;0;0;0
stream;ruscello;0;0;0
street;strada;0;0;0
strength;forza;0;0;0
stress;fatica;0;0;0
stretch;allungare;0;1;1
strict;rigoroso;0;1;1
strike;sciopero;0;1;1
string;corda;0;0;0
strong;forte;0;0;0
strongly;fortemente;1;0;1
structure;struttura;0;1;1
struggle;lotta;0;0;0
student;alunno;0;0;0
studio;studio;0;0;0
study;studia;0;0;0
stuff;cose;0;0;0
stupid;stupido;0;0;0
style;stile;0;0;0
subject;soggetto;0;0;0
submit;Invia;0;0;0
substance;sostanza;0;0;0
succeed;avere successo;0;0;0
success;successo;0;0;0
successful;riuscito;0;1;1
successfully;con successo;0;0;0
such;come;1;0;1
sudden;improvviso;0;0;0
suddenly;ad un tratto;0;0;0
suffer;soffrire;0;1;1
sugar;zucchero;0;0;0
suggest;suggerire;0;1;1
suggestion;suggerimento;0;1;1
suit;completo da uomo;0;0;0
suitable;adatto;0;0;0
sum;somma;0;1;1
summarize;ricapitolare;0;0;0
summary;sommario;0;1;1
summer;estate;0;0;0
sun;sole;0;0;0
Sunday;Domenica;0;0;0
supermarket;supermercato;0;0;0
supply;fornitura;0;0;0
support;supporto;0;0;0
supporter;sostenitore;0;0;0
suppose;supporre;0;1;1
sure;sicuro;0;0;0
surely;certamente;1;0;1
surface;superficie;0;0;0
surgery;chirurgia;0;0;0
surprise;sorpresa;0;0;0
surprised;sorpreso;0;0;0
surprising;sorprendente;0;0;0
surround;circondare;0;0;0
surrounding;circostante;0;0;0
survey;sondaggio;0;0;0
survive;sopravvivere;0;0;0
suspect;sospettare;0;0;0
swear;giurare;0;0;0
sweater;maglione;0;0;0
sweep;spazzare;0;0;0
sweet;dolce;0;0;0
swim;nuotare;0;0;0
swimming;nuoto;0;0;0
switch;interruttore;0;0;0
symbol;simbolo;0;0;0
sympathy;simpatia;0;0;0
symptom;sintomo;0;0;0
system;sistema;0;0;0
table;tavolo;0;0;0
tablet;tavoletta;0;0;0
tail;coda;0;0;0
take;prendere;0;0;0
tale;racconto;0;0;0
talent;talento;0;0;0
talented;talentuoso;0;0;0
talk;parlare;0;0;0
tall;alto;0;0;0
tank;serbatoio;0;0;0
tape;nastro;0;1;1
target;bersaglio;0;0;0
task;compito;0;0;0
taste;gusto;0;0;0
tax;imposta;0;1;1
taxi;Taxi;0;0;0
tea;tè;0;0;0
teach;insegnare;0;0;0
teacher;insegnante;0;1;1
teaching;insegnamento;0;1;1
team;squadra;0;0;0
technical;tecnico;0;0;0
technique;tecnica;0;0;0
technology;tecnologia;0;0;0
teenage;adolescenziale;0;0;0
teenager;adolescente;0;1;1
telephone;telefono;0;0;0
television;televisione;0;0;0
tell;raccontare;0;0;0
temperature;temperatura;0;0;0
temporary;temporaneo;0;0;0
ten;dieci;0;0;0
tend;tendere;0;0;0
tennis;tennis;0;0;0
tent;tenda;0;0;0
term;termine;0;1;1
terrible;terribile;1;0;1
test;test;0;0;0
text;testo;0;0;0
than;di;0;0;0
thank;grazie;1;0;1
thanks;Grazie;0;0;0
that;quello;0;0;0
the;il;0;0;0
theatre;Teatro;0;0;0
their;loro;0;0;0
theirs;il loro;0;0;0
them;loro;0;0;0
theme;tema;1;0;1
themselves;loro stessi;0;0;0
then;poi;0;0;0
theory;teoria;0;0;0
therapy;terapia;1;0;1
there;Là;0;0;0
therefore;perciò;0;0;0
they;essi;0;0;0
thick;di spessore;0;0;0
thief;ladro;0;0;0
thin;magro;0;0;0
thing;cosa;0;0;0
think;pensare;0;0;0
thinking;pensiero;0;0;0
third;terzo;0;0;0
thirsty;assetato;0;0;0
thirteen;tredici;0;0;0
thirty;trenta;0;0;0
this;Questo;0;0;0
though;anche se;0;1;1
thought;pensiero;0;0;0
thousand;mille;0;0;0
threat;minaccia;0;0;0
threaten;minacciare;0;0;0
three;tre;1;0;1
throat;gola;0;0;0
through;attraverso;0;0;0
throughout;per tutto;0;0;0
throw;gettare;0;0;0
Thursday;giovedi;0;0;0
thus;così;0;0;0
ticket;biglietto;0;1;1
tidy;ordinato;0;0;0
tie;cravatta;0;0;0
tight;stretto;0;0;0
till;fino;0;0;0
time;tempo;0;0;0
tin;lattina;0;0;0
tiny;minuscolo;0;0;0
tip;mancia;0;1;1
tired;stanco;0;0;0
title;titolo;0;0;0
to;per;0;0;0
today;oggi;0;0;0
toe;dito del piede;0;0;0
together;insieme;0;0;0
toilet;gabinetto;0;1;1
tomato;pomodoro;0;0;0
tomorrow;Domani;0;0;0
tone;tono;0;0;0
tongue;lingua;0;0;0
tonight;stasera;0;0;0
too;pure;0;0;0
tool;attrezzo;0;1;1
tooth;dente;0;0;0
top;superiore;0;0;0
topic;argomento;0;0;0
total;totale;0;0;0
totally;totalmente;0;0;0
touch;toccare;1;0;1
tough;difficile;0;1;1
tour;giro;0;0;0
tourism;turismo;0;0;0
tourist;turista;1;0;1
towards;in direzione;0;0;0
towel;asciugamano;0;0;0
tower;Torre;0;0;0
town;cittadina;0;1;1
toy;giocattolo;0;0;0
track;traccia;0;0;0
trade;commercio;0;1;1
tradition;tradizione;0;1;1
traditional;tradizionale;0;0;0
traffic;traffico;0;1;1
train;treno;0;0;0
trainer;allenatore;0;0;0
training;formazione;0;0;0
transfer;trasferimento;0;1;1
transform;trasformare;0;0;0
transition;transizione;0;0;0
translate;tradurre;0;0;0
translation;traduzione;1;0;1
transport;trasporto;0;0;0
travel;viaggio;0;0;0
traveller;viaggiatore;0;0;0
treat;trattare;0;0;0
treatment;trattamento;0;0;0
tree;albero;0;0;0
trend;tendenza;0;0;0
trial;prova;0;0;0
trick;trucco;0;0;0
trip;viaggio;0;0;0
tropical;tropicale;1;0;1
trouble;guaio;0;0;0
trousers;i pantaloni;0;0;0
truck;camion;0;1;1
TRUE;VERO;0;0;0
truly;veramente;0;1;1
trust;fiducia;0;0;0
truth;verità;0;0;0
try;provare;0;0;0
T-shirt;Maglietta;0;1;1
tube;tubo;0;0;0
Tuesday;martedì;0;0;0
tune;sintonizzare;0;1;1
tunnel;tunnel;0;0;0
turn;girare;0;0;0
TV;tv;0;0;0
twelve;dodici;0;1;1
twenty;venti;0;1;1
twice;due volte;0;0;0
twin;gemello;0;0;0
two;Due;0;0;0
type;genere;0;1;1
typical;tipico;0;0;0
typically;tipicamente;1;0;1
tyre;pneumatico;0;0;0
ugly;brutta;0;0;0
ultimately;in definitiva;0;1;1
umbrella;ombrello;0;0;0
unable;incapace;0;0;0
uncle;zio;0;0;0
uncomfortable;scomodo;0;0;0
unconscious;inconscio;0;0;0
under;sotto;0;0;0
underground;metropolitana;0;0;0
understand;capire;0;0;0
understanding;comprensione;0;1;1
underwear;biancheria intima;0;1;1
unemployed;disoccupato;0;0;0
unemployment;disoccupazione;0;0;0
unexpected;inaspettato;0;0;0
unfair;sleale;0;0;0
unfortunately;Sfortunatamente;0;0;0
unhappy;infelice;0;0;0
uniform;uniforme;0;0;0
union;unione;0;0;0
unique;unico;0;0;0
unit;unità;0;0;0
united;unito;0;0;0
universe;universo;0;0;0
university;Università;0;0;0
unknown;sconosciuto;0;0;0
unless;salvo che;0;0;0
unlike;diversamente da;0;0;0
unlikely;improbabile;0;1;1
unnecessary;non necessario;0;0;0
unpleasant;sgradevole;0;0;0
until;fino a;0;0;0
unusual;insolito;0;0;0
up;su;0;0;0
update;aggiornare;0;0;0
upon;su;0;0;0
upper;superiore;0;0;0
upset;irritato;0;0;0
upstairs;di sopra;0;0;0
upwards;verso l'alto;0;0;0
urban;urbano;0;0;0
urge;stimolo;0;0;0
us;noi;0;0;0
use;uso;0;0;0
used;Usato;0;0;0
used to;abituato a;0;0;0
useful;utile;0;0;0
user;utente;0;0;0
usual;solito;0;1;1
usually;generalmente;0;0;0
vacation;vacanza;0;1;1
valley;valle;0;0;0
valuable;prezioso;0;0;0
value;valore;0;0;0
van;furgone;0;0;0
variety;varietà;0;0;0
various;vario;0;0;0
vary;variare;0;1;1
vast;vasto;0;0;0
vegetable;verdura;0;0;0
vehicle;veicolo;0;0;0
venue;sede;0;0;0
version;versione;1;0;1
very;molto;0;0;0
via;attraverso;0;0;0
victim;vittima;0;0;0
victory;vittoria;0;0;0
video;video;0;0;0
view;Visualizza;0;0;0
viewer;spettatore;0;0;0
village;villaggio;0;0;0
violence;violenza;1;0;1
violent;violento;0;0;0
virtual;virtuale;0;0;0
virus;virus;0;0;0
vision;visione;0;0;0
visit;visitare;0;0;0
visitor;visitatore;0;0;0
visual;visivo;0;0;0
vital;vitale;0;0;0
vitamin;vitamina;0;0;0
voice;voce;0;0;0
volume;volume;0;0;0
volunteer;volontario;0;0;0
vote;votazione;0;0;0
wage;salario;0;0;0
wait;aspettare;0;0;0
waiter;Cameriere;0;0;0
wake;scia;0;0;0
walk;camminare;0;0;0
wall;parete;0;0;0
want;volere;0;0;0
war;guerra;0;0;0
warm;caldo;0;0;0
warn;avvisare;0;1;1
warning;avvertimento;0;0;0
wash;lavaggio;0;0;0
washing;lavaggio;0;0;0
waste;rifiuto;0;1;1
watch;orologio;0;0;0
water;acqua;0;0;0
wave;onda;0;0;0
way;modo;0;1;1
we;noi;0;0;0
weak;debole;0;0;0
weakness;debolezza;0;0;0
wealth;ricchezza;0;0;0
wealthy;ricco;1;0;1
weapon;arma;0;0;0
wear;indossare;0;0;0
weather;tempo metereologico;0;0;0
web;ragnatela;0;0;0
website;sito web;0;0;0
wedding;nozze;0;0;0
Wednesday;mercoledì;0;0;0
week;settimana;0;1;1
weekend;fine settimana;0;0;0
weigh;pesare;0;1;1
weight;peso;0;0;0
welcome;benvenuto;0;1;1
well;bene;0;0;0
west;ovest;0;0;0
western;occidentale;0;0;0
wet;bagnato;0;0;0
what;che cosa;0;0;0
whatever;qualunque cosa;0;0;0
wheel;ruota;0;0;0
when;quando;0;0;0
whenever;ogni volta;0;0;0
where;dove;0;0;0
whereas;mentre;0;0;0
wherever;dovunque;0;1;1
whether;se;0;0;0
which;quale;0;0;0
while;mentre;0;1;1
whisper;sussurro;0;0;0
white;bianca;0;0;0
who;Oms;0;0;0
whole;totale;0;1;1
whom;chi;0;0;0
whose;di chi;0;0;0
why;perché;0;0;0
wide;largo;0;0;0
widely;ampiamente;0;0;0
wife;moglie;0;0;0
wild;selvaggio;0;0;0
wildlife;natura;0;0;0
will;volere;0;0;0
willing;disposto;0;0;0
win;vincere;0;0;0
wind;vento;0;1;1
window;finestra;0;0;0
wine;vino;0;0;0
wing;ala;0;0;0
winner;vincitore;0;0;0
winter;inverno;0;0;0
wire;filo;0;0;0
wise;saggio;0;0;0
wish;desiderio;0;0;0
with;con;0;1;1
within;entro;0;0;0
without;senza;0;0;0
witness;testimone;0;0;0
woman;donna;0;0;0
wonder;Meraviglia;0;1;1
wonderful;meraviglioso;1;0;1
wood;legna;0;1;1
wooden;di legno;0;1;1
wool;lana;0;0;0
word;parola;0;1;1
work;lavoro;1;0;1
worker;lavoratore;0;1;1
working;Lavorando;0;0;0
world;mondo;0;0;0
worldwide;In tutto il mondo;0;1;1
worried;preoccupato;0;0;0
worry;preoccupazione;0;0;0
worse;peggio;0;0;0
worst;peggio;0;0;0
worth;di valore;0;0;0
would;voluto;0;1;1
wound;ferita;0;0;0
wow;Wow;0;0;0
wrap;avvolgere;0;0;0
write;Scrivi;0;0;0
writer;scrittore;0;0;0
writing;scrittura;0;0;0
written;scritto;0;0;0
wrong;sbagliato;0;0;0
yard;cortile;0;0;0
yeah;si;0;0;0
year;anno;1;0;1
yellow;giallo;0;0;0
yes;sì;0;0;0
yesterday;ieri;0;0;0
yet;ancora;0;0;0
you;tu;0;0;0
young;giovane;0;1;1
your;il tuo;0;0;0
yours;il tuo;0;1;1
yourself;te stesso;0;0;0
youth;gioventù;0;0;0
zero;zero;0;0;0
zone;zona;0;0;0
